,g_sim,g_fit
0,13.5,13.709681
1,13.3,13.815194
2,11.6,11.599151
3,13.1,13.444614
4,11.1,11.413777
5,11.6,11.616546
6,13.3,13.386963
7,11.6,11.620289
8,13.2,13.67235
9,14.2,13.863347
10,11.5,11.380498
11,11.7,11.556568
12,12.4,12.369179
13,15.0,13.547703
14,11.8,11.635864
15,14.0,13.932825
16,13.6,13.800887
17,11.7,11.821441
18,13.7,13.910668
19,11.3,11.316317
20,14.3,13.430219
21,14.1,13.656031
22,14.8,13.679102
23,14.8,13.8384
24,11.9,11.923128
25,12.1,11.982714
26,12.5,13.510283
27,12.1,12.040559
28,13.9,13.768904
29,12.1,11.9950485
30,13.9,13.965799
31,13.0,13.794334
32,11.6,11.6033
33,11.4,11.365715
34,12.3,12.155014
35,11.1,11.0
36,12.1,12.093489
37,13.9,13.900592
38,11.8,11.815046
39,13.4,13.900271
40,13.4,13.905564
41,11.8,11.829714
42,11.2,11.0
43,14.2,13.872093
44,13.2,13.866701
45,12.5,12.470411
46,13.8,13.95152
47,13.2,13.86324
48,11.5,11.361426
49,13.2,13.878628
50,13.6,13.944988
51,12.7,13.872579
52,11.8,11.70195
53,14.2,13.872504
54,11.6,11.544327
55,12.6,13.122385
56,12.1,12.050553
57,11.3,11.2637005
58,11.6,11.59709
59,11.2,11.140941
60,12.5,12.648743
61,11.0,11.293446
62,14.7,13.868643
63,14.2,13.85225
64,11.7,11.758515
65,13.4,13.828905
66,11.4,11.0
67,13.2,13.55415
68,12.8,12.493185
69,11.7,11.661522
70,13.4,13.692403
71,13.9,13.161464
72,14.6,13.124502
73,14.6,13.092032
74,11.5,11.521646
75,11.7,11.655493
76,14.2,13.895001
77,15.0,14.026418
78,13.8,13.791965
79,12.0,11.989444
80,12.9,13.571564
81,14.0,13.883505
82,14.4,13.824228
83,12.2,12.129446
84,11.5,11.467969
85,11.5,11.446667
86,11.2,11.0
87,12.7,13.690678
88,14.2,13.813135
89,12.2,12.075693
90,11.6,11.402302
91,11.8,11.699779
92,14.7,13.959178
93,11.3,11.317832
94,14.6,14.008308
95,13.1,14.022403
96,12.2,12.014979
97,11.3,11.4936905
98,14.2,13.6886635
99,13.0,14.071658
100,12.3,12.212385
101,14.1,13.662203
102,13.6,13.586191
103,13.1,13.203037
104,11.1,11.1775055
105,14.5,13.825993
106,11.1,11.0
107,11.5,11.431605
108,12.0,12.083771
109,13.2,13.459477
110,14.4,13.734197
111,14.9,13.745808
112,13.9,13.757458
113,14.1,13.77149
114,12.4,12.186755
115,11.4,11.402181
116,11.0,11.0
117,13.7,13.8193865
118,13.6,13.519635
119,14.1,13.582346
120,14.6,13.96952
121,14.5,13.511932
122,11.5,11.517378
123,12.0,12.061605
124,13.7,13.450289
125,12.0,11.950756
126,12.5,12.29681
127,13.9,13.389939
128,14.4,13.4003935
129,13.8,13.497577
130,13.4,13.874966
131,14.7,13.583945
132,14.7,13.555826
133,14.6,13.789055
134,13.7,13.935483
135,13.9,13.607096
136,11.2,11.340071
137,14.6,13.677105
138,11.2,11.300954
139,14.6,13.891374
140,11.4,11.539713
141,13.5,14.045347
142,11.5,11.579187
143,13.0,13.460823
144,12.5,12.242853
145,15.0,13.835983
146,11.8,11.738502
147,13.6,13.590616
148,13.7,13.632271
149,14.7,13.764632
150,13.7,13.864665
151,13.8,13.835964
152,12.0,12.081701
153,11.6,11.565483
154,12.5,12.390181
155,13.9,13.197029
156,13.5,13.776786
157,12.6,12.884514
158,14.2,13.800951
159,13.6,13.676851
160,11.4,11.365397
161,13.5,13.625046
162,11.6,11.58159
163,14.7,13.564373
164,14.6,13.865738
165,12.1,12.107986
166,12.9,13.828839
167,12.6,13.389456
168,12.3,13.408841
169,13.6,13.914952
170,14.7,13.409695
171,11.1,11.0
172,12.9,13.658639
173,14.8,13.924105
174,13.6,13.702826
175,13.4,14.022739
176,14.8,14.002274
177,12.9,13.8159275
178,11.3,11.397764
179,11.8,11.715356
180,12.6,13.77999
181,14.6,13.981919
182,11.1,11.0
183,12.0,12.122161
184,12.7,13.4854965
185,13.5,13.970015
186,14.4,13.707232
187,12.0,11.9505205
188,11.1,11.0
189,14.8,13.938652
190,12.9,13.985102
191,11.5,11.499324
192,13.9,13.8045025
193,12.9,13.839672
194,13.8,14.038449
195,12.9,13.562704
196,11.7,11.712305
197,12.3,12.207899
198,12.1,12.112512
199,13.7,13.611503
200,12.2,12.180615
201,11.1,11.0
202,13.9,13.796217
203,13.2,13.899305
204,14.3,13.831162
205,11.6,11.643449
206,12.7,13.556637
207,14.2,13.697906
208,12.3,12.197443
209,12.0,11.955021
210,12.5,12.780948
211,14.7,13.851017
212,11.6,11.624351
213,14.3,13.871886
214,11.6,11.483309
215,11.4,11.502915
216,13.7,13.651123
217,12.6,12.419884
218,12.4,12.300876
219,14.1,13.980909
220,11.7,11.611241
221,14.2,13.449753
222,13.8,13.854319
223,13.7,13.665906
224,13.8,13.711824
225,11.2,11.081203
226,13.8,13.238871
227,13.5,13.887616
228,14.6,13.850626
229,13.5,13.929664
230,13.2,13.740205
231,12.3,12.217251
232,13.4,13.620557
233,11.3,11.27771
234,14.0,13.959067
235,12.1,12.140925
236,14.9,13.846687
237,12.5,13.008568
238,13.8,13.553208
239,13.1,13.519992
240,11.1,11.261522
241,12.7,13.729
242,13.3,13.771304
243,13.6,13.278801
244,11.8,11.7578125
245,11.6,11.639837
246,12.7,13.337979
247,14.8,13.874859
248,12.1,11.998148
249,11.6,11.4796505
250,13.7,13.947142
251,11.2,11.0
252,11.2,11.313793
253,13.9,13.946006
254,12.4,12.877481
255,12.5,12.35604
256,14.5,13.984094
257,13.1,13.561289
258,14.4,13.550322
259,11.3,11.047946
260,13.1,13.390207
261,11.6,11.665964
262,12.8,13.402501
263,13.7,13.875696
264,11.7,11.634105
265,11.5,11.434749
266,12.5,12.522749
267,13.6,13.8656025
268,14.4,13.874271
269,14.9,13.90472
270,12.7,12.987445
271,14.1,13.825102
272,12.2,12.174054
273,11.8,11.60893
274,13.2,13.8753605
275,14.5,13.7480135
276,13.9,13.771866
277,13.8,13.902391
278,12.3,12.272831
279,14.2,13.94334
280,12.1,11.903509
281,13.6,13.114826
282,11.7,11.738705
283,11.6,11.507593
284,12.3,12.171274
285,14.5,13.6435795
286,14.7,13.84865
287,13.8,13.233275
288,13.6,13.581988
289,12.1,12.027414
290,12.7,13.211023
291,13.5,13.736601
292,11.7,11.621037
293,11.1,11.0
294,14.6,13.615295
295,11.5,11.459071
296,13.8,13.79052
297,11.9,11.990208
298,13.0,13.64436
299,13.7,13.760582
300,11.1,11.225357
301,14.1,13.822653
302,12.3,12.224573
303,11.7,11.696878
304,14.4,13.948666
305,13.0,13.799166
306,12.3,12.336191
307,14.8,14.022872
308,11.1,11.0
309,11.2,11.192915
310,11.3,11.379178
311,11.3,11.59183
312,13.6,13.556278
313,11.1,11.254832
314,11.1,11.0
315,12.3,12.1639805
316,13.8,13.732979
317,13.0,13.75165
318,11.8,11.920368
319,14.5,13.853349
320,12.8,13.245081
321,13.1,13.3792515
322,12.0,12.078018
323,11.5,11.416615
324,13.3,13.661989
325,12.8,13.000471
326,13.1,13.565152
327,12.8,13.060519
328,11.2,11.053885
329,13.0,13.261576
330,13.3,13.466243
331,13.6,13.838858
332,14.4,13.971422
333,13.4,13.852622
334,13.1,13.774382
335,13.8,13.598882
336,12.6,12.925287
337,12.2,12.135691
338,13.2,13.827896
339,12.0,12.0445175
340,12.0,12.002512
341,13.2,13.126045
342,13.6,13.461184
343,12.7,13.0164585
344,12.0,12.1851635
345,11.3,11.388778
346,12.9,13.568119
347,12.6,12.715903
348,11.5,11.386596
349,13.1,13.586988
350,11.8,11.847283
351,12.6,12.976585
352,11.3,11.302268
353,13.1,13.293194
354,14.3,13.781993
355,12.7,13.42147
356,12.9,13.360601
357,11.6,11.592049
358,14.8,13.24633
359,12.1,12.155344
360,11.1,11.0
361,11.3,11.336138
362,11.8,11.799287
363,13.2,13.611187
364,11.9,12.007999
365,14.5,13.417973
366,14.2,13.850152
367,12.2,12.1690445
368,14.5,14.008096
369,14.1,13.989363
370,13.3,13.767874
371,13.9,13.836267
372,13.9,13.958646
373,11.2,11.032957
374,13.6,13.966429
375,12.4,12.4141445
376,14.4,13.867921
377,13.8,13.721574
378,11.0,11.0
379,11.3,11.433291
380,13.1,13.826424
381,13.2,13.3134985
382,14.2,13.958676
383,11.8,11.789765
384,13.2,13.864519
385,11.6,11.597759
386,12.2,12.207711
387,11.5,11.575862
388,13.4,13.740408
389,13.6,13.686981
390,14.5,13.978643
391,11.8,11.850068
392,12.2,12.113668
393,14.7,13.91506
394,14.3,13.647831
395,12.5,13.121471
396,12.9,13.283691
397,12.6,13.044562
398,13.0,13.7122135
399,13.7,13.596956
400,13.0,13.673067
401,14.5,13.805904
402,12.2,12.19111
403,11.2,11.311352
404,14.7,13.903729
405,14.0,13.786797
406,11.7,11.663687
407,13.1,13.766037
408,13.1,13.684058
409,13.3,13.76494
410,13.7,13.848637
411,12.5,12.361169
412,13.5,13.28864
413,12.4,12.506919
414,11.6,11.591316
415,12.8,13.590101
416,11.6,11.533719
417,13.3,13.682596
418,13.0,13.368711
419,12.8,13.649773
420,11.7,11.642714
421,12.3,12.110132
422,14.1,13.68782
423,12.5,12.642037
424,11.3,11.271051
425,12.4,12.188415
426,12.1,12.063275
427,13.3,13.854564
428,14.7,13.7021
429,12.7,13.646404
430,11.8,11.89402
431,13.6,13.892354
432,14.7,14.00069
433,13.5,13.894727
434,13.5,13.722616
435,12.4,12.205587
436,14.7,13.847192
437,13.3,13.982969
438,13.1,13.669986
439,11.1,11.0
440,11.5,11.45132
441,13.3,13.938728
442,11.0,11.0
443,12.8,13.805499
444,12.0,11.96632
445,13.1,13.929465
446,12.1,12.014209
447,13.5,13.926873
448,13.7,13.770641
449,14.8,13.541816
450,13.0,13.839942
451,13.9,13.971924
452,11.9,11.914793
453,14.4,13.903221
454,15.0,13.829079
455,12.1,12.64276
456,12.0,11.958381
457,12.6,13.225225
458,11.5,11.370333
459,11.0,11.0
460,14.0,13.8511505
461,11.9,11.886024
462,14.5,13.759779
463,15.0,13.222701
464,11.6,11.579833
465,12.7,13.062022
466,14.6,13.511448
467,11.5,11.447116
468,14.9,13.854781
469,12.3,12.192173
470,11.9,11.806449
471,13.5,13.823809
472,13.1,13.6959915
473,14.4,14.010594
474,14.6,13.805688
475,12.8,13.453982
476,12.2,12.124928
477,11.3,11.278885
478,12.8,13.384148
479,12.8,13.390707
480,12.5,12.522396
481,12.4,12.388065
482,11.4,11.51266
483,12.4,12.3867
484,13.6,13.728553
485,13.3,13.553
486,13.2,13.4181595
487,13.0,13.417387
488,13.1,13.287296
489,12.7,12.99888
490,11.3,11.0
491,14.3,13.959018
492,11.9,11.7915
493,11.8,11.942649
494,12.9,13.406075
495,11.2,11.111091
496,14.4,13.572271
497,11.7,11.709802
498,12.3,12.221521
499,12.5,12.47515
500,12.8,13.220827
501,11.2,11.0
502,14.3,13.8584175
503,14.3,13.734602
504,14.7,13.979908
505,13.9,13.898312
506,14.2,13.934013
507,13.8,13.807173
508,11.7,11.566086
509,14.1,13.965559
510,12.6,12.940308
511,13.0,13.934542
512,11.6,11.610128
513,14.9,14.019954
514,12.1,12.02125
515,13.8,13.713793
516,14.7,13.9490595
517,11.9,11.960276
518,14.9,13.870808
519,14.3,13.584337
520,13.2,13.57584
521,13.1,13.788722
522,13.5,13.89259
523,13.1,13.795169
524,13.3,13.7279005
525,12.8,13.725615
526,14.4,13.927137
527,12.1,12.316933
528,11.1,11.0
529,14.7,13.845965
530,15.0,13.886399
531,13.7,13.871075
532,13.3,13.907631
533,12.7,13.306901
534,11.3,11.487643
535,13.6,13.904543
536,12.3,12.256005
537,14.6,13.900897
538,12.2,12.189935
539,14.3,13.548487
540,11.7,11.576809
541,13.0,13.738314
542,13.5,13.445311
543,11.5,11.474797
544,13.4,13.474815
545,13.0,13.85292
546,12.0,12.023378
547,12.1,12.060199
548,11.9,12.041761
549,11.5,11.459128
550,13.6,13.658008
551,13.2,13.920429
552,14.0,13.8189535
553,13.1,13.683202
554,14.7,13.791629
555,14.5,13.790796
556,12.4,12.2456045
557,11.4,11.477726
558,11.3,11.380261
559,13.5,13.746686
560,11.5,11.605116
561,11.4,11.596778
562,13.7,13.952091
563,12.8,14.028063
564,11.3,11.243843
565,14.4,13.750964
566,13.5,13.73518
567,14.1,13.905794
568,14.5,13.926256
569,14.1,13.755888
570,14.2,13.771345
571,13.8,13.836768
572,12.5,12.938123
573,14.0,13.895685
574,12.2,12.119533
575,14.2,13.965155
576,11.6,11.603908
577,14.3,13.99374
578,14.5,13.715776
579,13.6,13.900005
580,11.1,11.064147
581,11.0,11.279192
582,12.4,12.533307
583,12.8,13.4603195
584,11.6,11.545187
585,11.0,11.0
586,11.3,11.0
587,14.0,13.793448
588,13.5,13.815867
589,11.3,11.373238
590,13.6,13.727858
591,14.8,13.885883
592,11.1,11.294022
593,11.9,11.954317
594,12.5,12.853601
595,13.4,13.837381
596,11.2,11.362451
597,11.3,11.366532
598,13.8,13.689025
599,12.9,13.444334
600,11.6,11.505812
601,12.1,12.025072
602,11.9,11.788774
603,12.7,13.4251995
604,13.3,13.640392
605,12.1,12.109971
606,13.9,13.735811
607,12.6,13.024752
608,13.8,13.381409
609,12.0,11.9519825
610,12.7,13.549795
611,14.7,13.855758
612,13.0,13.760348
613,13.0,13.862354
614,11.4,11.300282
615,14.7,13.580347
616,14.4,13.633156
617,13.1,13.755817
618,13.5,13.738498
619,13.5,13.744514
620,12.7,13.5000515
621,11.3,11.352927
622,11.2,11.422169
623,12.0,11.980525
624,13.0,13.673983
625,14.5,13.868216
626,11.9,11.885478
627,12.5,12.343585
628,13.4,13.7942915
629,11.1,11.326913
630,12.1,12.142209
631,11.2,11.323761
632,12.1,12.035572
633,11.1,11.0
634,13.3,13.639839
635,14.9,13.794432
636,14.9,13.81201
637,11.7,11.563424
638,12.7,12.816157
639,13.5,13.8481245
640,11.9,11.808029
641,11.2,11.269338
642,13.7,13.376452
643,13.4,13.772762
644,12.5,12.312056
645,13.3,13.125707
646,14.3,13.662874
647,11.5,11.547343
648,11.9,11.962337
649,14.1,13.77439
650,11.5,11.548085
651,14.2,13.962799
652,13.6,13.872784
653,13.5,13.774856
654,12.9,13.626901
655,14.6,13.995726
656,13.1,13.803731
657,11.2,11.493735
658,13.3,13.906854
659,14.0,13.786419
660,14.4,13.849291
661,13.9,13.806184
662,14.1,13.643443
663,11.5,11.60763
664,14.9,13.7943535
665,11.7,11.646568
666,13.5,13.569582
667,12.3,12.313777
668,12.5,13.444602
669,12.0,11.955837
670,13.9,13.571765
671,13.6,13.979816
672,13.4,13.461723
673,11.1,11.340475
674,11.5,11.314214
675,13.7,13.68238
676,11.9,11.866614
677,12.9,13.550809
678,14.0,13.51433
679,13.5,13.935617
680,14.2,13.670461
681,12.9,13.44079
682,11.6,11.399042
683,13.0,13.464136
684,14.3,13.8104925
685,11.9,11.764909
686,13.6,13.483691
687,12.5,12.4380665
688,12.1,12.131462
689,12.5,12.96825
690,11.7,11.598864
691,12.5,12.341634
692,12.0,11.946276
693,13.4,13.609287
694,11.7,11.605161
695,13.1,13.620735
696,14.9,13.819174
697,12.8,13.386442
698,12.5,12.348257
699,14.4,13.71773
700,11.5,11.52188
701,13.6,13.905372
702,12.6,12.793072
703,13.5,13.864724
704,13.5,13.880444
705,13.0,13.533741
706,12.6,12.665643
707,14.8,14.040186
708,11.3,11.0
709,13.5,13.712614
710,13.4,13.903311
711,14.8,14.018645
712,13.3,13.901182
713,12.3,12.238796
714,13.4,13.988411
715,11.0,11.0
716,13.1,13.841668
717,11.7,11.736418
718,12.9,13.8364525
719,12.5,12.411514
720,14.4,13.875106
721,13.6,13.7446785
722,12.2,12.924582
723,12.7,13.426634
724,14.5,13.742655
725,13.8,13.8811035
726,11.6,11.647075
727,11.4,11.1628685
728,13.6,13.554997
729,11.0,11.152433
730,13.4,13.540454
731,14.7,13.842257
732,11.4,11.484086
733,13.4,13.432596
734,14.1,13.677909
735,11.1,11.227877
736,14.8,13.4671
737,11.9,11.89247
738,12.4,12.299862
739,14.8,13.548874
740,13.7,13.959131
741,11.2,11.326916
742,14.1,13.85751
743,12.1,11.987682
744,12.3,12.210298
745,13.6,13.750717
746,11.2,11.243066
747,11.4,11.273106
748,11.4,11.463123
749,14.0,13.767363
750,12.1,12.04832
751,13.8,13.881247
752,12.6,12.943916
753,13.3,13.616759
754,13.6,13.504547
755,14.8,13.389109
756,13.8,13.931248
757,12.8,13.857432
758,14.6,13.947649
759,14.2,14.06909
760,14.4,13.931122
761,12.7,13.712516
762,11.6,11.5836
763,12.4,12.340339
764,12.1,11.999711
765,13.1,13.91742
766,14.5,13.711049
767,13.0,13.663317
768,14.9,13.630936
769,11.1,11.128176
770,14.5,13.911298
771,11.3,11.3083725
772,11.6,11.580474
773,11.7,11.664329
774,13.7,13.895215
775,11.1,11.0
776,11.5,11.497636
777,11.5,11.320499
778,13.7,13.737555
779,13.1,13.303632
780,12.4,12.356841
781,14.1,13.51365
782,12.9,13.643728
783,12.8,13.166852
784,13.6,13.590607
785,14.1,13.869741
786,11.4,11.175072
787,11.8,11.823895
788,13.1,13.839422
789,13.4,13.560946
790,13.2,13.861587
791,13.5,13.580217
792,11.2,11.351278
793,12.9,13.716559
794,12.9,13.722364
795,12.3,12.627447
796,14.5,13.642017
797,12.5,13.237326
798,14.9,13.553724
799,13.1,13.363491
800,12.7,12.966714
801,12.8,13.150456
802,14.0,13.49982
803,12.2,12.031831
804,12.1,12.1854725
805,14.0,13.930159
806,11.6,11.5962715
807,14.3,13.967127
808,12.2,12.230663
809,11.6,11.53986
810,11.7,11.610813
811,14.7,13.406208
812,12.8,13.667496
813,12.5,12.953814
814,13.5,13.994201
815,11.1,11.412458
816,12.2,12.1886635
817,14.5,14.019087
818,13.7,13.836374
819,13.9,13.459914
820,11.4,11.378865
821,13.6,13.726346
822,14.1,13.523466
823,12.4,12.274495
824,11.8,11.774939
825,12.4,12.240084
826,11.8,11.598017
827,11.7,11.607847
828,14.0,13.663456
829,13.5,13.531961
830,11.7,11.620958
831,13.3,13.894345
832,11.4,11.329142
833,13.3,13.852549
834,14.5,13.832946
835,13.0,13.913692
836,11.2,11.0
837,12.8,13.78579
838,14.7,13.943245
839,14.1,13.95685
840,12.0,11.956861
841,14.8,13.780121
842,12.6,13.679704
843,11.1,11.0
844,11.4,11.464556
845,13.2,13.94765
846,14.5,13.640912
847,11.6,11.661394
848,12.1,12.023329
849,12.3,12.359474
850,14.1,13.740419
851,11.5,11.526457
852,11.4,11.432728
853,14.9,13.98217
854,13.8,13.707705
855,13.6,13.881626
856,12.0,12.01942
857,11.4,11.500149
858,13.2,13.953109
859,13.5,13.880534
860,12.3,12.235746
861,13.2,13.714011
862,13.0,13.8298435
863,14.5,13.939254
864,14.0,13.710956
865,13.5,13.924021
866,13.2,13.4682
867,12.5,12.342712
868,11.8,11.757347
869,12.8,13.427795
870,14.9,13.930288
871,13.0,13.951198
872,14.1,13.951263
873,11.9,11.931603
874,13.3,13.679615
875,11.2,11.285744
876,13.2,13.789951
877,13.4,13.804251
878,13.1,13.8634205
879,12.4,12.589384
880,14.6,13.905122
881,12.4,12.46641
882,13.7,13.795978
883,14.4,13.812154
884,11.7,11.668759
885,13.5,13.851561
886,11.0,11.354952
887,11.7,11.608974
888,13.9,13.683674
889,13.9,13.760174
890,14.1,13.794497
891,13.9,13.761173
892,13.4,13.808231
893,11.7,11.657586
894,14.1,13.740845
895,13.8,13.67771
896,12.5,12.4831295
897,12.3,12.190247
898,14.6,13.664429
899,12.2,12.191997
900,14.9,13.592173
901,12.2,12.205823
902,11.4,11.439359
903,14.4,13.70557
904,12.8,13.382316
905,12.3,12.161593
906,11.7,11.670923
907,12.6,13.193168
908,11.9,11.805476
909,14.6,13.809596
910,12.7,13.231506
911,13.1,13.42447
912,11.0,11.0
913,12.7,13.364604
914,14.8,13.819942
915,14.8,13.854785
916,13.1,13.808224
917,12.2,12.084587
918,14.4,13.852463
919,11.6,11.572442
920,13.3,13.836623
921,11.8,11.873414
922,11.7,11.619257
923,11.2,11.0
924,12.9,13.479872
925,11.6,11.607396
926,14.5,13.627567
927,14.2,13.817895
928,12.4,12.272914
929,12.3,12.148466
930,14.6,13.777104
931,11.1,11.0
932,12.2,12.069926
933,14.3,13.665034
934,14.4,13.738172
935,12.1,12.159193
936,12.9,13.725175
937,14.2,13.660801
938,14.1,13.579138
939,14.9,13.933932
940,12.3,12.22974
941,13.8,13.71204
942,13.7,13.681165
943,14.1,13.533623
944,12.6,12.486624
945,13.3,13.5907755
946,12.9,13.393076
947,11.5,11.518158
948,13.1,13.324511
949,11.8,11.741523
950,12.6,12.411855
951,11.9,11.7718315
952,11.4,11.482645
953,15.0,13.953545
954,14.0,13.888147
955,11.3,11.219821
956,14.4,13.929699
957,12.0,11.973516
958,13.3,13.892155
959,11.5,11.302546
960,12.1,12.070261
961,12.5,12.452773
962,12.6,12.986443
963,13.7,13.5996475
964,14.0,13.566813
965,12.6,13.369143
966,11.4,11.531287
967,12.3,12.798785
968,14.3,13.89036
969,14.3,13.556673
970,14.7,14.027846
971,11.6,11.679716
972,11.3,11.336806
973,13.9,13.545745
974,14.8,13.831596
975,12.7,13.319679
976,14.1,13.916386
977,14.7,14.005154
978,11.1,11.306949
979,11.5,11.476891
980,12.6,12.902933
981,11.5,11.570941
982,13.9,13.9586315
983,13.9,13.898514
984,13.4,13.9457245
985,12.3,12.343846
986,12.4,12.387933
987,14.9,13.822046
988,14.6,13.700288
989,14.2,13.710234
990,14.5,13.72311
991,14.2,13.736649
992,11.4,11.24719
993,12.5,12.452608
994,14.7,13.927913
995,11.6,11.585529
996,14.2,13.924883
997,12.6,13.027925
998,12.3,12.268881
999,12.6,13.001021
1000,11.5,11.419779
1001,13.7,13.893618
1002,12.0,11.939372
1003,13.5,13.902311
1004,12.7,13.640642
1005,11.1,11.0
1006,14.2,13.750175
1007,11.1,11.0
1008,13.3,13.928587
1009,11.5,11.631426
1010,11.6,11.614336
1011,14.6,13.9241
1012,11.5,11.625665
1013,13.1,13.69303
1014,12.0,11.966496
1015,12.3,12.221206
1016,14.4,13.522842
1017,14.6,13.354134
1018,13.4,13.578308
1019,14.9,13.258411
1020,13.0,13.717638
1021,13.9,13.67324
1022,13.7,13.399061
1023,11.8,11.7726345
1024,12.9,13.608483
1025,11.9,11.840267
1026,12.0,11.922597
1027,14.4,13.601038
1028,14.2,13.600975
1029,14.5,13.347536
1030,14.2,13.971942
1031,11.8,11.808651
1032,12.5,12.281311
1033,11.2,11.0
1034,14.8,13.587255
1035,14.0,13.573372
1036,12.6,12.980221
1037,14.5,13.852148
1038,12.7,13.5497
1039,12.5,13.043487
1040,13.4,13.806507
1041,12.0,12.029061
1042,14.5,13.9569845
1043,13.5,13.948603
1044,12.9,13.844353
1045,14.7,13.605548
1046,14.8,13.717133
1047,14.1,13.496555
1048,13.0,13.870222
1049,13.0,13.487495
1050,14.2,13.829555
1051,13.0,13.621359
1052,12.4,12.216366
1053,12.2,12.135719
1054,13.9,13.810513
1055,13.8,13.6935005
1056,12.9,13.591562
1057,13.1,12.944522
1058,12.2,12.126782
1059,13.8,13.895583
1060,14.5,13.754516
1061,13.9,13.685293
1062,14.0,13.801723
1063,11.6,11.607806
1064,14.9,13.465698
1065,12.6,12.937077
1066,12.0,11.903162
1067,12.5,12.574152
1068,11.1,11.3956375
1069,14.8,13.793169
1070,11.4,11.392544
1071,13.6,13.840601
1072,11.9,11.89422
1073,14.9,13.838355
1074,13.7,13.585016
1075,12.8,13.215848
1076,12.3,12.173264
1077,12.1,11.996555
1078,14.8,13.824213
1079,11.2,11.271296
1080,14.8,13.742289
1081,11.7,11.591368
1082,11.5,11.542616
1083,13.9,13.731935
1084,14.2,13.632775
1085,13.8,13.804727
1086,11.1,11.3177185
1087,14.7,13.702589
1088,11.9,11.881598
1089,12.9,13.444609
1090,12.4,12.29919
1091,13.9,13.539406
1092,14.2,13.488115
1093,14.6,13.899281
1094,12.4,12.236417
1095,11.8,11.803041
1096,13.0,13.84156
1097,12.5,12.356859
1098,13.9,13.78967
1099,12.2,12.196805
1100,12.5,12.359671
1101,15.0,13.389156
1102,12.5,12.495607
1103,13.5,13.8925
1104,13.5,13.865384
1105,13.4,13.917505
1106,14.3,13.782867
1107,13.4,13.215389
1108,13.7,13.218915
1109,13.9,13.610253
1110,11.2,11.0
1111,14.4,13.4028015
1112,14.7,13.829141
1113,13.3,13.453732
1114,13.0,13.279648
1115,11.5,11.553266
1116,14.3,13.933938
1117,14.7,13.755304
1118,13.8,13.924057
1119,11.3,11.348742
1120,12.4,12.396374
1121,13.1,13.962579
1122,11.8,11.745836
1123,11.2,11.396497
1124,13.6,13.98934
1125,12.2,12.250325
1126,14.6,13.865715
1127,14.0,13.560643
1128,13.9,13.478828
1129,14.9,13.739277
1130,14.4,13.922977
1131,13.4,13.876438
1132,12.4,12.247215
1133,11.8,11.861609
1134,12.8,13.313245
1135,13.4,13.803513
1136,12.3,12.7248955
1137,11.0,11.356168
1138,14.7,13.935953
1139,12.6,13.023074
1140,12.4,12.507454
1141,11.1,11.230097
1142,14.6,13.457354
1143,13.3,13.608278
1144,14.7,13.555876
1145,14.8,13.619502
1146,11.2,11.424854
1147,12.1,12.085716
1148,14.7,13.604789
1149,13.8,13.645353
1150,12.3,12.299776
1151,13.5,13.93358
1152,12.4,13.517693
1153,12.8,12.832375
1154,11.8,11.699786
1155,11.0,11.281477
1156,11.2,11.010822
1157,13.1,13.9624405
1158,12.8,13.369518
1159,14.2,13.983889
1160,14.5,13.928831
1161,13.7,13.936444
1162,12.3,12.308753
1163,13.9,14.014137
1164,12.2,12.2054825
1165,12.3,12.278671
1166,11.3,11.491
1167,12.7,13.732754
1168,11.4,11.294743
1169,11.6,11.562616
1170,11.3,11.289552
1171,12.0,11.959273
1172,11.6,11.647516
1173,13.7,13.921171
1174,13.5,13.876814
1175,11.7,11.539752
1176,11.5,11.389046
1177,12.8,13.258123
1178,13.2,13.840746
1179,12.9,13.797901
1180,11.6,11.605738
1181,13.5,13.845181
1182,12.2,12.0653
1183,14.2,13.625815
1184,13.1,13.708491
1185,14.4,13.687971
1186,11.4,11.391362
1187,14.8,13.684149
1188,14.2,13.659477
1189,13.9,13.632097
1190,12.9,13.728952
1191,13.8,13.721707
1192,12.0,11.989056
1193,15.0,13.717747
1194,14.4,13.725159
1195,14.0,13.684362
1196,12.0,12.011366
1197,11.1,11.244585
1198,13.0,13.370615
1199,12.3,12.266061
1200,11.7,11.579334
1201,12.1,12.118597
1202,14.4,13.849936
1203,14.6,13.927315
1204,11.2,11.26158
1205,11.4,11.4428835
1206,13.8,13.75001
1207,13.9,13.863022
1208,13.5,13.602618
1209,12.5,12.413994
1210,13.9,13.483128
1211,12.8,13.354057
1212,13.0,13.641433
1213,14.2,13.631779
1214,14.7,13.4677925
1215,14.4,13.389885
1216,12.5,12.357737
1217,11.5,11.550419
1218,12.5,12.709705
1219,12.8,13.716848
1220,12.9,13.557161
1221,12.0,12.096207
1222,11.1,11.0
1223,11.4,11.289081
1224,13.0,13.89895
1225,11.6,11.600182
1226,14.4,13.47003
1227,14.7,13.447613
1228,13.3,13.877243
1229,12.0,11.982954
1230,11.8,11.939698
1231,13.1,13.909226
1232,14.7,13.857132
1233,11.0,11.0
1234,13.9,13.868902
1235,11.7,11.707039
1236,11.4,11.198766
1237,14.9,14.003351
1238,14.2,13.934206
1239,11.3,11.272679
1240,11.5,11.526836
1241,14.3,13.939806
1242,14.4,13.752285
1243,13.7,13.841692
1244,14.1,13.903332
1245,11.3,11.23753
1246,12.9,13.634409
1247,12.8,13.75019
1248,13.6,13.754308
1249,11.4,11.441175
1250,13.1,13.364167
1251,13.9,13.356873
1252,14.9,13.369718
1253,12.2,12.050517
1254,13.8,13.454187
1255,12.3,12.265924
1256,14.1,13.805077
1257,12.2,12.214892
1258,11.6,11.745887
1259,11.3,11.488215
1260,14.3,13.48567
1261,11.2,11.0
1262,13.0,13.530702
1263,12.2,12.221538
1264,13.1,13.624804
1265,13.2,13.643475
1266,13.8,13.864771
1267,11.1,11.351578
1268,13.2,13.773937
1269,12.3,12.23339
1270,11.9,11.877399
1271,12.7,12.614546
1272,13.5,13.786756
1273,14.7,13.696374
1274,12.1,11.984568
1275,12.5,12.5147915
1276,12.4,12.323256
1277,13.7,13.963996
1278,11.9,11.784386
1279,14.5,13.914261
1280,11.3,11.3461485
1281,13.4,13.904869
1282,11.1,11.259372
1283,11.1,11.226897
1284,13.0,13.9257965
1285,13.2,13.919137
1286,13.8,13.792017
1287,11.3,11.315865
1288,13.0,13.515869
1289,11.1,11.0
1290,11.5,11.383935
1291,14.0,13.9425335
1292,14.3,13.199909
1293,12.2,12.209688
1294,12.6,12.82241
1295,14.8,13.141762
1296,13.9,13.4412775
1297,11.2,11.289406
1298,12.6,13.525567
1299,13.9,13.752207
1300,12.2,12.292336
1301,13.1,13.236872
1302,12.0,12.052598
1303,11.9,11.803467
1304,14.2,13.726329
1305,14.5,13.450118
1306,13.0,13.447467
1307,12.6,13.090404
1308,14.8,13.609203
1309,11.6,11.545953
1310,13.7,13.799276
1311,11.4,11.339501
1312,13.2,13.881411
1313,13.2,13.934823
1314,13.3,13.853485
1315,11.3,11.0
1316,14.6,13.872379
1317,14.4,13.812355
1318,14.2,13.820001
1319,11.8,11.742062
1320,12.0,11.995061
1321,12.6,13.097697
1322,11.2,11.0
1323,12.9,13.782978
1324,12.0,11.947371
1325,13.0,13.874891
1326,14.2,13.855256
1327,13.6,13.852848
1328,13.0,13.672896
1329,13.1,13.920683
1330,11.4,11.484379
1331,13.3,13.596114
1332,11.3,11.445891
1333,11.8,11.672281
1334,14.8,13.747877
1335,12.4,12.169518
1336,12.0,12.024652
1337,12.3,12.185545
1338,13.8,13.533071
1339,11.2,11.210982
1340,11.3,11.366738
1341,14.1,13.746096
1342,11.9,11.89125
1343,13.5,13.538491
1344,13.9,13.876484
1345,14.9,13.91259
1346,11.7,11.710448
1347,12.5,12.311737
1348,13.1,13.462462
1349,13.2,13.775701
1350,12.6,12.736853
1351,11.6,11.601799
1352,14.4,13.52017
1353,12.7,12.925487
1354,12.7,13.193175
1355,11.5,11.601728
1356,12.7,13.5879755
1357,11.1,11.0
1358,11.3,11.513128
1359,12.4,12.231738
1360,14.9,13.784811
1361,14.5,13.71685
1362,13.4,13.901475
1363,14.7,13.773201
1364,11.2,11.380061
1365,12.3,12.184133
1366,14.6,13.727146
1367,11.8,11.824843
1368,11.7,11.668655
1369,11.8,11.662592
1370,13.2,13.499317
1371,13.2,13.612466
1372,13.5,13.629725
1373,12.3,12.16777
1374,14.0,13.761172
1375,12.6,12.322682
1376,11.6,11.531962
1377,14.7,13.591916
1378,11.6,11.59504
1379,13.3,13.47879
1380,14.6,13.847421
1381,11.2,11.0
1382,14.9,14.058012
1383,13.1,13.72689
1384,12.8,13.9340315
1385,13.7,14.049835
1386,14.6,13.999099
1387,13.9,13.758094
1388,12.3,12.326671
1389,13.0,13.868616
1390,12.5,12.874742
1391,11.2,11.275726
1392,12.2,12.1633
1393,13.3,13.943928
1394,14.1,13.953693
1395,12.5,12.974281
1396,14.9,13.807601
1397,14.7,13.946531
1398,12.4,12.279633
1399,14.3,13.470448
1400,12.4,13.636349
1401,12.6,12.93266
1402,11.2,11.0
1403,13.8,13.432837
1404,14.9,12.967714
1405,12.9,13.680235
1406,14.4,13.750948
1407,12.8,13.278676
1408,14.8,13.576917
1409,13.0,13.307242
1410,14.8,13.606845
1411,12.0,11.930302
1412,13.7,13.854307
1413,12.9,13.95121
1414,13.7,13.937065
1415,12.0,11.973554
1416,14.4,13.894655
1417,12.7,13.341045
1418,12.1,12.185009
1419,11.6,11.617117
1420,14.0,13.321134
1421,13.0,13.843351
1422,11.7,11.654069
1423,11.4,11.255541
1424,12.6,13.733383
1425,13.6,13.59446
1426,12.2,12.145318
1427,11.4,11.469304
1428,12.3,12.227861
1429,12.2,12.245037
1430,11.9,11.8411
1431,11.8,11.804109
1432,14.1,14.059429
1433,11.7,11.641569
1434,13.4,13.939419
1435,14.3,13.741367
1436,11.4,11.361498
1437,11.5,11.533328
1438,14.5,13.857843
1439,11.1,11.283531
1440,14.9,13.989361
1441,14.8,13.920237
1442,14.1,13.885517
1443,14.6,13.972016
1444,12.3,12.260867
1445,13.9,13.937864
1446,13.2,13.85069
1447,11.8,11.831052
1448,11.1,11.338334
1449,12.9,13.921866
1450,13.9,13.960549
1451,11.0,11.467699
1452,14.6,13.916021
1453,13.6,13.67802
1454,11.1,11.399412
1455,11.6,11.5998955
1456,15.0,13.951072
1457,13.0,13.772774
1458,11.5,11.500601
1459,11.3,11.421111
1460,14.5,13.680738
1461,14.8,13.698395
1462,11.7,11.636326
1463,11.1,11.284386
1464,11.9,12.011657
1465,13.8,13.760543
1466,14.9,13.696648
1467,11.2,11.281613
1468,12.5,13.099466
1469,14.1,13.690127
1470,12.7,12.831568
1471,13.7,13.911321
1472,13.0,13.719674
1473,11.3,11.313581
1474,13.2,13.706765
1475,13.6,13.799894
1476,13.0,13.788276
1477,13.5,13.731163
1478,11.1,11.0
1479,14.1,13.549984
1480,12.5,12.448853
1481,11.8,11.80598
1482,12.6,13.550085
1483,14.3,13.89256
1484,11.2,11.0
1485,12.2,12.151781
1486,12.6,12.661749
1487,14.5,13.732991
1488,13.7,13.79073
1489,13.2,13.830421
1490,12.7,13.012751
1491,13.5,13.766615
1492,13.0,13.360429
1493,13.9,13.803777
1494,12.1,12.097441
1495,11.2,11.362343
1496,14.6,13.606987
1497,12.8,13.330051
1498,13.4,13.530131
1499,13.5,13.754036
1500,14.1,13.700134
1501,12.7,13.042422
1502,13.6,13.5411625
1503,12.9,13.63595
1504,13.4,13.753798
1505,11.9,12.005371
1506,11.0,11.0
1507,15.0,13.48513
1508,14.5,13.580596
1509,13.9,13.858444
1510,12.9,13.448818
1511,12.6,13.193512
1512,12.3,12.147402
1513,14.3,13.843019
1514,11.4,11.373329
1515,12.4,12.445242
1516,12.7,13.560612
1517,14.4,13.834434
1518,12.0,12.044401
1519,11.1,11.15813
1520,13.8,13.880247
1521,12.8,13.741272
1522,13.1,13.734455
1523,14.2,13.820837
1524,11.2,11.224027
1525,12.9,13.857274
1526,11.8,11.738627
1527,13.8,13.653407
1528,14.3,13.752554
1529,12.0,11.98725
1530,11.7,11.634627
1531,13.3,13.8395815
1532,14.4,13.65838
1533,11.1,11.0
1534,14.7,13.865371
1535,12.9,13.184299
1536,11.0,11.196682
1537,14.2,13.884568
1538,14.0,13.649363
1539,13.4,13.493572
1540,12.8,13.768251
1541,14.1,13.568983
1542,14.0,13.846667
1543,11.7,11.690838
1544,14.5,13.871595
1545,11.9,11.897696
1546,14.2,13.568218
1547,11.6,11.539325
1548,13.1,13.74192
1549,11.9,11.851777
1550,14.5,13.886002
1551,11.4,11.38541
1552,13.6,13.881382
1553,11.0,11.0
1554,12.9,13.691082
1555,13.0,13.863342
1556,11.4,11.1213455
1557,13.7,13.841638
1558,13.9,13.899986
1559,11.8,11.760323
1560,12.2,12.10775
1561,11.1,11.0
1562,14.9,13.909143
1563,13.2,13.796443
1564,13.6,13.917685
1565,14.4,13.8502865
1566,13.4,13.814543
1567,11.4,11.592953
1568,12.8,13.896961
1569,12.6,13.3881645
1570,14.8,13.814651
1571,13.7,13.826597
1572,12.4,12.375683
1573,14.6,13.921652
1574,13.8,13.938299
1575,13.3,13.790817
1576,12.8,13.378528
1577,13.0,13.407367
1578,11.4,11.397622
1579,13.3,13.840878
1580,11.7,11.655867
1581,13.7,13.889406
1582,14.6,13.687008
1583,14.3,13.911907
1584,11.6,11.57548
1585,13.7,13.513592
1586,14.1,13.925712
1587,12.5,12.401721
1588,11.2,11.321884
1589,11.6,11.583522
1590,13.0,13.514073
1591,11.0,11.0
1592,12.0,12.0839
1593,14.1,13.527872
1594,13.2,13.388475
1595,11.5,11.56209
1596,11.3,11.188708
1597,12.7,12.615453
1598,11.8,11.7631445
1599,11.1,11.0
1600,13.5,13.471826
1601,11.1,11.0
1602,13.8,13.656117
1603,12.6,13.10884
1604,13.6,13.769348
1605,15.0,13.5742035
1606,14.1,13.714612
1607,12.2,12.163012
1608,14.1,13.962648
1609,12.8,13.367596
1610,14.0,13.631981
1611,14.4,13.74652
1612,12.2,12.114196
1613,12.7,13.666044
1614,12.7,13.135651
1615,11.7,11.747013
1616,12.2,12.027027
1617,13.8,13.792657
1618,12.7,13.249905
1619,11.4,11.535306
1620,12.9,13.543666
1621,14.5,13.829712
1622,14.6,13.74415
1623,12.0,12.0805855
1624,13.3,13.58777
1625,12.8,13.657382
1626,14.6,13.522853
1627,12.3,12.402891
1628,11.2,11.204194
1629,12.6,12.858408
1630,14.9,13.813434
1631,13.4,13.912163
1632,14.4,13.926052
1633,11.9,11.736458
1634,13.8,13.898464
1635,12.0,11.960666
1636,14.4,13.850006
1637,13.6,13.950083
1638,11.4,11.282678
1639,12.2,12.09
1640,14.4,13.837381
1641,11.5,11.403266
1642,12.8,13.6580715
1643,13.7,13.887722
1644,14.3,13.505436
1645,12.1,12.151054
1646,11.4,11.44
1647,14.3,13.890019
1648,11.4,11.5067835
1649,13.0,13.699614
1650,14.1,13.639761
1651,12.9,13.3490095
1652,14.7,13.637145
1653,12.9,13.589312
1654,14.6,13.8491535
1655,11.2,11.219425
1656,12.7,13.658261
1657,11.8,11.736143
1658,14.2,13.626133
1659,14.6,13.898204
1660,12.9,13.424412
1661,13.2,13.824337
1662,13.7,13.983887
1663,11.5,11.511616
1664,12.2,12.23882
1665,12.8,13.803169
1666,14.2,13.8639555
1667,12.7,13.89611
1668,14.8,13.880391
1669,12.1,12.001684
1670,14.1,13.779661
1671,12.3,12.157476
1672,11.2,11.289512
1673,12.1,12.079466
1674,12.2,12.173289
1675,11.6,11.493435
1676,14.1,13.711822
1677,13.2,13.632861
1678,12.8,13.19677
1679,13.3,13.870532
1680,14.3,13.905506
1681,11.9,12.052947
1682,11.8,11.793073
1683,14.8,13.818393
1684,13.5,13.872179
1685,14.9,13.817484
1686,12.6,13.548786
1687,11.6,11.602841
1688,12.3,12.179127
1689,13.6,13.84256
1690,11.1,11.341235
1691,11.2,11.022229
1692,13.4,13.840526
1693,11.0,11.0
1694,14.6,13.826891
1695,12.8,13.811032
1696,13.6,13.618503
1697,11.5,11.292456
1698,12.4,12.637884
1699,12.2,12.247101
1700,11.7,11.605142
1701,13.2,13.832611
1702,12.6,13.533869
1703,12.1,12.07481
1704,13.9,13.820818
1705,13.5,13.942803
1706,13.2,13.829066
1707,14.0,13.855274
1708,12.0,11.891416
1709,12.6,13.49564
1710,11.8,11.6561165
1711,14.4,13.60347
1712,14.0,13.72163
1713,13.5,13.850046
1714,12.6,12.777395
1715,12.6,13.68007
1716,13.6,13.859006
1717,11.2,11.084514
1718,14.1,13.900083
1719,13.9,13.858717
1720,14.3,13.799865
1721,12.1,12.131482
1722,13.4,13.973407
1723,12.2,12.202009
1724,14.6,13.754065
1725,12.0,11.957295
1726,13.1,13.686201
1727,12.4,12.312929
1728,12.7,13.13753
1729,12.2,12.082755
1730,12.0,11.991211
1731,14.2,13.794196
1732,14.2,13.847566
1733,11.9,11.921017
1734,14.2,14.008783
1735,14.9,13.613079
1736,13.8,13.903816
1737,11.9,11.883029
1738,14.3,13.478832
1739,15.0,13.387719
1740,12.5,12.601416
1741,12.2,12.189623
1742,14.3,13.262212
1743,13.8,13.505592
1744,11.8,11.810031
1745,14.5,13.486045
1746,11.6,11.639493
1747,14.1,13.483799
1748,14.0,13.576937
1749,14.2,13.3785715
1750,14.1,13.690348
1751,12.0,11.950713
1752,11.7,11.763543
1753,13.6,13.483151
1754,13.0,13.326334
1755,15.0,13.399078
1756,14.3,13.7072115
1757,14.5,13.724028
1758,13.4,13.755665
1759,11.6,11.448474
1760,13.9,13.690128
1761,13.5,13.640619
1762,12.3,12.235869
1763,13.9,13.556612
1764,13.2,13.750082
1765,12.7,13.351
1766,13.8,12.975292
1767,14.5,13.572157
1768,14.1,13.335771
1769,11.6,11.578176
1770,12.4,12.203428
1771,13.2,13.736418
1772,13.3,13.672468
1773,13.9,13.908098
1774,11.7,11.700879
1775,13.5,13.788118
1776,14.4,13.728191
1777,13.0,13.681965
1778,14.9,13.781875
1779,12.2,12.143635
1780,11.0,11.0
1781,13.6,13.883098
1782,12.8,13.532455
1783,12.9,13.787197
1784,14.9,13.833993
1785,12.5,12.880679
1786,11.4,11.50739
1787,13.2,13.766771
1788,13.9,13.969666
1789,12.6,12.598376
1790,14.4,13.929495
1791,12.9,13.565723
1792,13.9,13.495396
1793,11.3,11.347162
1794,13.0,13.36495
1795,13.3,13.489401
1796,12.4,13.605649
1797,13.5,13.572444
1798,11.7,11.68006
1799,11.9,11.935849
1800,13.9,13.372124
1801,11.9,11.838222
1802,11.3,11.368507
1803,12.5,13.123096
1804,13.9,13.5137415
1805,14.8,13.51495
1806,13.4,13.765815
1807,14.1,13.848332
1808,11.2,11.0
1809,12.2,12.1373825
1810,13.7,13.9321575
1811,11.7,11.649326
1812,12.7,13.426196
1813,11.9,11.975327
1814,12.1,12.007831
1815,11.3,11.233444
1816,11.3,11.378817
1817,11.8,11.743599
1818,13.0,13.40525
1819,12.3,12.256225
1820,12.3,12.315438
1821,13.4,13.646417
1822,11.6,11.581606
1823,14.0,13.723123
1824,11.7,11.685743
1825,11.6,11.607471
1826,13.2,13.539313
1827,14.5,13.907904
1828,14.9,13.718761
1829,14.0,13.564054
1830,13.2,13.858612
1831,14.8,13.708857
1832,13.8,13.851947
1833,11.8,11.877788
1834,12.3,12.1900835
1835,11.7,11.682665
1836,14.2,13.9803705
1837,14.7,13.836708
1838,13.6,13.763561
1839,11.6,11.593199
1840,12.0,11.953573
1841,14.5,13.922483
1842,14.2,13.838658
1843,14.1,13.699178
1844,11.2,11.253795
1845,13.9,13.910022
1846,14.2,13.986278
1847,11.6,11.567011
1848,13.0,13.623703
1849,14.1,13.543531
1850,14.9,13.995098
1851,14.6,13.765577
1852,14.5,13.4975
1853,14.7,13.548788
1854,12.9,13.2040615
1855,11.6,11.4707985
1856,12.2,12.152378
1857,14.5,13.934289
1858,14.5,13.789712
1859,13.7,13.9103985
1860,14.0,13.8904
1861,12.6,13.656298
1862,11.0,11.0
1863,13.2,13.909891
1864,11.9,11.872626
1865,14.9,13.833397
1866,11.9,11.766781
1867,13.5,13.819088
1868,11.8,11.709158
1869,13.0,13.860357
1870,11.5,11.6039295
1871,11.8,11.780459
1872,13.4,13.899325
1873,13.6,13.772396
1874,12.9,13.458614
1875,14.0,13.820475
1876,13.4,13.729906
1877,12.2,12.046661
1878,11.2,11.386706
1879,13.2,13.639864
1880,11.3,11.344958
1881,12.8,13.892404
1882,12.2,12.09707
1883,13.4,13.864506
1884,14.5,13.903981
1885,13.3,13.930225
1886,13.9,13.944016
1887,14.6,13.95298
1888,14.1,13.956116
1889,12.2,12.154126
1890,12.8,13.63857
1891,12.4,12.562863
1892,12.6,13.251511
1893,13.3,13.955298
1894,14.4,13.825496
1895,11.1,11.239323
1896,11.6,11.601899
1897,11.9,11.869933
1898,13.5,13.848683
1899,13.6,13.910749
1900,13.3,13.920156
1901,11.2,11.164992
1902,12.5,13.2222
1903,11.7,11.636499
1904,14.8,13.824573
1905,13.1,13.76295
1906,15.0,13.785231
1907,12.1,12.034075
1908,14.0,13.893771
1909,12.3,12.252338
1910,11.2,11.358918
1911,14.0,13.791734
1912,12.8,13.4825945
1913,13.8,13.835868
1914,12.2,12.168404
1915,11.6,11.597397
1916,11.0,11.008274
1917,11.1,11.338447
1918,14.3,13.7964735
1919,12.5,13.3086815
1920,11.4,11.482218
1921,11.2,11.402718
1922,14.8,13.708872
1923,12.6,13.676186
1924,11.5,11.384309
1925,14.0,13.689024
1926,14.2,13.861212
1927,14.5,13.768481
1928,11.8,11.716328
1929,11.0,11.11632
1930,12.0,11.874997
1931,11.2,11.533876
1932,12.7,13.523487
1933,12.9,13.91045
1934,14.2,13.963254
1935,14.2,14.017992
1936,13.9,13.555747
1937,12.0,11.838824
1938,11.6,11.606161
1939,13.6,13.81126
1940,14.1,13.746406
1941,13.8,13.421243
1942,13.5,13.420763
1943,13.5,13.701595
1944,12.6,13.180719
1945,12.2,12.156474
1946,14.1,13.776511
1947,13.2,13.650134
1948,13.9,13.4525
1949,12.5,12.324315
1950,12.2,12.165636
1951,13.1,13.654091
1952,13.2,13.749268
1953,11.2,11.0
1954,14.3,13.823801
1955,12.5,12.229661
1956,11.7,11.627798
1957,13.4,13.9085045
1958,13.6,13.9485
1959,12.4,13.0514965
1960,13.8,13.911146
1961,12.5,12.41126
1962,14.9,13.938357
1963,12.5,12.4582205
1964,14.9,14.048655
1965,14.3,13.991525
1966,14.3,13.708907
1967,11.8,11.783234
1968,12.4,12.275946
1969,12.9,13.769139
1970,11.4,11.388886
1971,12.9,13.900631
1972,14.8,13.911417
1973,13.7,13.828251
1974,11.8,11.82761
1975,14.5,13.910608
1976,13.3,13.804598
1977,14.0,13.797516
1978,12.9,13.392571
1979,14.5,13.969543
1980,12.1,12.105877
1981,14.1,13.6675625
1982,14.5,13.875387
1983,13.3,13.817645
1984,14.8,13.502857
1985,13.1,13.747597
1986,12.7,12.878376
1987,13.1,13.770195
1988,14.9,13.825619
1989,12.7,13.295426
1990,14.8,13.742977
1991,11.2,11.212938
1992,13.1,13.322042
1993,12.6,12.541191
1994,13.8,13.583249
1995,13.2,13.777479
1996,12.2,12.101446
1997,11.2,11.199152
1998,14.2,13.862816
1999,11.1,11.166691
